snippet,pattern,subject_near,confidence,section,age_months,date,evidence_id
블록을 높이 쌓고 무너뜨리며 깔깔 웃었어요. 노래 시간에 손동작을 따라 ,합성패턴,NO,MED,본문,37,2023-03-02,SYN-12M-GM-01
낮잠 전에 자장가를 들으며 금방 눈을 감았어요. 교사A가 이름을 부르자 큰,합성패턴,YES,HIGH,본문,37,2023-03-03,SYN-12M-FM-01
물감 놀이 시간에 손바닥 도장을 여러 번 찍었습니다. 점심에는 숟가락으로 혼,합성패턴,NO,HIGH,본문,37,2023-03-06,SYN-18M-LA-01
- [부모] 테스트아이 엄마 @ 2023-03-07 10:20 KST,합성패턴,YES,MED,본문,37,2023-03-07,SYN-18M-SE-01
낮잠 전에 자장가를 들으며 금방 눈을 감았어요. 교사A가 이름을 부르자 큰 소리,합성패턴,NO,HIGH,본문,37,2023-03-09,SYN-24M-CG-01
모래 놀이에서 작은 삽으로 통을 가득 채웠습니다. 바깥 놀이터에서 미끄럼틀 계단을,합성패턴,YES,HIGH,본문,37,2023-03-13,SYN-24M-GM-02
물감 놀이 시간에 손바닥 도장을 여러 번 찍었습니다. 점심에는 숟가락으로 혼자 국을,합성패턴,NO,MED,본문,38,2023-03-16,SYN-30M-LA-02
블록을 높이 쌓고 무너뜨리며 깔깔 웃었어요. 노래 시간에 손동작을 따라 하려고 애썼어,합성패턴,YES,HIGH,본문,38,2023-03-20,SYN-30M-SE-02
물감 놀이 시간에 손바닥 도장을 여러 번 찍었습니다. 점심에는 숟가락으로 혼자 국을 떠,합성패턴,NO,HIGH,본문,38,2023-03-22,SYN-36M-CG-02
블록을 높이 쌓고 무너뜨리며 깔깔 웃었어요. 노래 시간에 손동작을 따라 하려고 애썼어요.,합성패턴,YES,MED,본문,38,2023-03-30,SYN-36M-FM-02
물감 놀이 시간에 손바닥 도장을 여러 번 찍었습니다. 점심에는 숟가락으로 혼자 국을 떠먹었,합성패턴,NO,HIGH,본문,38,2023-04-03,SYN-12M-GM-01
