label,p97,p95,p50,p5,p3,S,M,L,age_month,sex,unit,measure,source_id,growth_id
CONFIRMED,101.0,100,93.0,86,85.0,NA,NA,NA,30,F,cm,height_cm,SYN,SYN-30M-HEIGHT_CM-F
CONFIRMED,15.4,14.9,12.5,10.9,10.5,0.11,12.5,-0.3,30,F,kg,weight_kg,SYN,SYN-30M-WEIGHT_KG-F
CONFIRMED,101.5,100,93.5,86,85.5,NA,NA,NA,31,F,cm,height_cm,SYN,SYN-31M-HEIGHT_CM-F
CONFIRMED,15.4,14.9,12.5,10.9,10.5,0.11,12.7,-0.3,31,F,kg,weight_kg,SYN,SYN-31M-WEIGHT_KG-F
CONFIRMED,102.0,100,94.0,86,86.0,NA,NA,NA,32,F,cm,height_cm,SYN,SYN-32M-HEIGHT_CM-F
CONFIRMED,15.4,14.9,12.5,10.9,10.5,0.11,12.9,-0.3,32,F,kg,weight_kg,SYN,SYN-32M-WEIGHT_KG-F
CONFIRMED,102.5,100,94.5,86,86.5,NA,NA,NA,33,F,cm,height_cm,SYN,SYN-33M-HEIGHT_CM-F
CONFIRMED,15.4,14.9,12.5,10.9,10.5,0.11,13.1,-0.3,33,F,kg,weight_kg,SYN,SYN-33M-WEIGHT_KG-F
CONFIRMED,103.0,100,95.0,86,87.0,NA,NA,NA,34,F,cm,height_cm,SYN,SYN-34M-HEIGHT_CM-F
CONFIRMED,15.4,14.9,12.5,10.9,10.5,0.11,13.3,-0.3,34,F,kg,weight_kg,SYN,SYN-34M-WEIGHT_KG-F
CONFIRMED,103.5,100,95.5,86,87.5,NA,NA,NA,35,F,cm,height_cm,SYN,SYN-35M-HEIGHT_CM-F
CONFIRMED,15.4,14.9,12.5,10.9,10.5,0.11,13.5,-0.3,35,F,kg,weight_kg,SYN,SYN-35M-WEIGHT_KG-F
